particleName,Track ID,PosX,PosY,PosZ,kinEnergy / Mev,time
0,mu-,1,250,250,-2000,2896.2,0
0,mu-,1,221.253,221.253,-1770.02,2896.16,0.779506
0,mu-,1,190.71,190.735,-1525.84,2896.11,1.60715
0,mu-,1,168.908,168.958,-1351.6,2896.08,2.19775
0,mu-,1,164.425,164.477,-1315.74,2896.08,2.31928
0,mu-,1,162.726,162.778,-1302.15,2896.03,2.36536
0,mu-,1,162.52,162.573,-1300.5,2896.03,2.37094
0,mu-,1,162.395,162.448,-1299.5,2895.74,2.37433
0,mu-,1,160.951,161.007,-1287.98,2895.73,2.41339
0,mu-,1,158.725,158.787,-1270.21,2895.72,2.4736
0,mu-,1,156.255,156.323,-1250.5,2895.72,2.54042
0,mu-,1,156.13,156.198,-1249.5,2895.4,2.54381
0,mu-,1,149.997,150.088,-1200.5,2895.39,2.70989
0,mu-,1,149.871,149.963,-1199.5,2895.13,2.71328
0,mu-,1,143.708,143.854,-1150.5,2895.12,2.87937
0,mu-,1,143.582,143.729,-1149.5,2894.38,2.88276
0,mu-,1,137.41,137.587,-1100.5,2894.37,3.04887
0,mu-,1,137.284,137.462,-1099.5,2894.06,3.05226
0,mu-,1,124.748,124.999,-1000,2894.05,3.38956
0,mu-,1,124.086,124.341,-994.746,2891.61,3.40738
0,mu-,1,122.291,122.529,-980.439,2881.31,3.45588
0,mu-,1,119.491,119.739,-957.928,2871.34,3.53216
0,mu-,1,115.128,115.265,-922.97,2857.66,3.6507
0,mu-,1,112.619,112.647,-902.549,2849.09,3.71992
0,mu-,1,110.833,110.69,-887.478,2834.92,3.771
0,mu-,1,108.698,108.389,-869.749,2827.94,3.83109
0,mu-,1,108.264,107.905,-866.067,2821.74,3.84357
0,mu-,1,100.885,99.432,-801.076,2792.12,4.06372
0,mu-,1,91.1189,88.5565,-714.302,2758.98,4.35744
0,mu-,1,90.9839,88.4126,-713.114,2757.93,4.36146
0,mu-,1,89.7567,87.1056,-702.323,2752.22,4.39797
0,mu-,1,83.0208,79.8739,-642.708,2728.1,4.59968
0,mu-,1,81.9426,78.7034,-633.094,2724.01,4.63221
0,mu-,1,79.7216,76.3078,-613.343,2701.92,4.69903
0,mu-,1,78.576,75.0597,-603.122,2697.26,4.73362
0,mu-,1,75.0907,71.2869,-572.335,2684.26,4.8378
0,mu-,1,74.9358,71.1212,-570.992,2656,4.84235
0,mu-,1,74.8882,71.0694,-570.573,2653.57,4.84377
0,mu-,1,62.2384,57.4453,-459.804,2614.03,5.21869
0,mu-,1,49.5549,43.2072,-334.95,2569.8,5.64031
0,mu-,1,47.4818,41.0099,-314.722,2173.54,5.70859
0,mu-,1,44.2637,37.5793,-283.703,2162.78,5.81335
0,mu-,1,43.3444,36.6097,-274.971,2158.15,5.84285
0,mu-,1,43.1049,36.3617,-272.724,2155.67,5.85044
0,mu-,1,38.6249,31.7508,-230.685,2140.72,5.99245
0,mu-,1,36.0473,29.1511,-205.899,2074.31,6.07612
0,mu-,1,30.487,23.9291,-152.701,2014.57,6.25559
0,mu-,1,27.6112,21.8794,-130.527,1987.14,6.33058
0,mu-,1,23.2392,18.5576,-96.3941,1917.82,6.44605
0,mu-,1,21.9932,17.4929,-83.7932,1902.13,6.48849
0,mu-,1,20.0677,15.6292,-63.318,1870.78,6.55747
0,mu-,1,18.257,13.5766,-42.0271,1822.84,6.62918
0,mu-,1,14.0851,8.64964,3.50157,1772.24,6.78279
0,mu-,1,14.0154,8.57773,4.15277,1769.95,6.78499
0,mu-,1,6.08479,0.498299,76.3929,1691.09,7.02929
0,mu-,1,4.50392,-1.23149,91.9437,1673.31,7.08184
0,mu-,1,1.52341,-4.94822,120.312,1638.81,7.17796
0,mu-,1,0.746574,-5.96203,128.888,1628.71,7.20693
0,mu-,1,-3.79964,-11.7663,177.967,1562.96,7.37279
0,mu-,1,-4.14261,-12.3635,183.014,1555.13,7.38981
0,mu-,1,-7.71488,-20.1593,244.089,1481.75,7.59596
0,mu-,1,-8.64744,-22.7499,264.992,1453.63,7.66644
0,mu-,1,-9.26469,-24.7556,280.297,1435.22,7.71809
0,mu-,1,-14.2683,-41.2318,414.944,1291.53,8.17195
0,mu-,1,-18.1289,-46.5977,480.068,1226.06,8.39092
0,mu-,1,-19.8345,-51.6968,524.286,1208.61,8.53997
0,mu-,1,-20.3668,-53.1499,537.711,1203.18,8.5852
0,mu-,1,-20.8149,-54.6027,550.617,1197.8,8.62869
0,mu-,1,-24.4588,-68.6254,668.693,1157.48,9.02681
0,mu-,1,-24.8519,-70.6913,684.645,1150.36,9.08067
0,mu-,1,-25.6661,-76.8329,731.273,1130.19,9.23813
0,mu-,1,-25.7876,-77.2766,734.791,1127.99,9.25001
0,mu-,1,-26.4691,-79.7401,754.071,1115.16,9.31512
0,mu-,1,-27.0443,-81.8581,770.468,1107.17,9.37051
0,mu-,1,-27.6678,-84.614,791.27,1098.67,9.4408
0,mu-,1,-28.1886,-86.7323,807.318,1091.16,9.49503
0,mu-,1,-29.1677,-90.6368,836.99,1079.83,9.5953
0,mu-,1,-31.9179,-101.636,918.427,1050.27,9.87067
0,mu-,1,-32.3179,-104.323,938.209,1042.06,9.93755
0,mu-,1,-32.4171,-104.899,942.434,1039.37,9.95184
0,mu-,1,-33.0718,-109.138,974.253,1027.09,10.0594
0,mu-,1,-33.7776,-112.324,1000,1019.12,10.1463
0,mu-,1,-34.6714,-120.518,1061.3,1019.11,10.3536
0,mu-,1,-34.7058,-120.832,1063.64,1019.11,10.3615
0,mu-,1,-35.2333,-125.627,1099.5,1019.1,10.4827
0,mu-,1,-35.2479,-125.761,1100.5,1018.74,10.4861
0,mu-,1,-36.064,-132.264,1149.5,1018.73,10.6517
0,mu-,1,-36.0805,-132.396,1150.5,1018.38,10.6551
0,mu-,1,-36.8827,-138.775,1199.5,1018.37,10.8207
0,mu-,1,-36.8993,-138.905,1200.5,1017.71,10.8241
0,mu-,1,-37.7562,-145.309,1249.5,1017.7,10.9897
0,mu-,1,-37.7738,-145.439,1250.5,1017.39,10.993
0,mu-,1,-38.1889,-148.438,1273.56,1017.39,11.071
0,mu-,1,-38.3243,-149.417,1281.09,1017.38,11.0964
0,mu-,1,-38.6548,-151.811,1299.5,1017.38,11.1586
0,mu-,1,-38.6725,-151.942,1300.5,1017.1,11.162
0,mu-,1,-39.3103,-156.675,1336.61,1017.09,11.284
0,mu-,1,-42.3536,-179.24,1508.79,1017.06,11.866
0,mu-,1,-43.098,-184.771,1551.11,1017.06,12.009
0,mu-,1,-43.1495,-185.155,1554.05,1017.05,12.0189
0,mu-,1,-44.4518,-194.885,1628.54,1017.03,12.2707
1,mu-,1,250,250,-2000,2896.2,0
1,mu-,1,244.667,244.667,-1957.33,2896.18,0.144619
1,mu-,1,229.346,229.332,-1834.72,2896.16,0.560196
1,mu-,1,222.705,222.68,-1781.56,2896.15,0.740384
1,mu-,1,221.198,221.171,-1769.5,2896.15,0.781258
1,mu-,1,186.618,186.525,-1492.71,2896.11,1.71946
1,mu-,1,183.155,183.062,-1465.01,2896.1,1.81333
1,mu-,1,162.585,162.487,-1300.5,2896.07,2.37095
1,mu-,1,162.46,162.362,-1299.5,2895.79,2.37434
1,mu-,1,156.512,156.421,-1251.94,2895.78,2.53555
1,mu-,1,156.332,156.241,-1250.5,2895.78,2.54042
1,mu-,1,156.207,156.116,-1249.5,2895.46,2.54381
1,mu-,1,150.072,150.017,-1200.5,2895.46,2.70989
1,mu-,1,149.947,149.893,-1199.5,2895.15,2.71328
1,mu-,1,143.775,143.755,-1150.5,2895.14,2.87939
1,mu-,1,143.649,143.63,-1149.5,2894.69,2.88278
1,mu-,1,137.492,137.478,-1100.5,2894.68,3.04888
1,mu-,1,137.367,137.352,-1099.5,2894.36,3.05227
1,mu-,1,124.875,124.904,-1000,2894.34,3.38955
1,mu-,1,122.633,122.68,-982.186,2886.07,3.44994
1,mu-,1,118.176,118.25,-945.94,2871.98,3.57272
1,mu-,1,118.148,118.222,-945.709,2870.87,3.5735
1,mu-,1,116.14,116.26,-929.206,2860.4,3.62938
1,mu-,1,114.122,114.377,-912.73,2854.42,3.68514
1,mu-,1,112.756,113.109,-901.581,2848.74,3.72287
1,mu-,1,111.951,112.369,-894.958,2845.91,3.74527
1,mu-,1,111.076,111.577,-887.727,2842.39,3.76973
1,mu-,1,104.427,105.498,-831.656,2821.43,3.95928
1,mu-,1,103.991,105.12,-828.045,2819.3,3.97148
1,mu-,1,102.603,103.939,-816.699,2800.46,4.00984
1,mu-,1,94.0921,96.4144,-746.64,2773.85,4.24674
1,mu-,1,81.5976,85.4872,-644.451,2736.13,4.59231
1,mu-,1,78.3662,82.7219,-619.244,2725.95,4.67763
1,mu-,1,65.4968,71.9708,-521.077,2686.25,5.01006
1,mu-,1,62.9354,69.936,-502.284,2678.45,5.07373
1,mu-,1,58.7977,66.5776,-471.647,2665.83,5.17754
1,mu-,1,56.7241,64.9139,-456.121,2658.78,5.23012
1,mu-,1,56.575,64.7922,-455.01,2657.4,5.23388
1,mu-,1,55.334,63.7773,-445.771,2652.95,5.26518
1,mu-,1,53.5715,62.3554,-432.806,2647.23,5.30912
1,mu-,1,49.7116,59.1417,-403.908,2634.79,5.40703
1,mu-,1,45.9161,55.9037,-375.588,2623.18,5.50302
1,mu-,1,44.3697,54.5186,-363.766,2618.44,5.54309
1,mu-,1,34.3862,45.5534,-286.027,2588.81,5.80643
1,mu-,1,33.0536,44.4256,-276.078,2583.43,5.84015
1,mu-,1,28.8326,40.8495,-244.858,2572.79,5.94599
1,mu-,1,28.402,40.5015,-241.793,2560.9,5.95639
1,mu-,1,27.0466,39.4084,-232.238,2548.44,5.98881
1,mu-,1,26.8823,39.2769,-231.032,2536.84,5.9929
1,mu-,1,26.2801,38.7912,-226.552,2527.08,6.00807
1,mu-,1,25.4677,38.1707,-220.759,2519.6,6.02771
1,mu-,1,25.2356,37.9921,-219.133,2515.66,6.03323
1,mu-,1,23.5853,36.7137,-207.456,2498.94,6.07283
1,mu-,1,19.4842,33.3668,-177.111,2402.02,6.17566
1,mu-,1,14.9692,29.7417,-146.456,2367.2,6.27982
1,mu-,1,12.5586,27.7514,-130.286,2348.94,6.3348
1,mu-,1,7.48884,23.2982,-95.7296,2307.92,6.45236
1,mu-,1,7.2605,23.14,-94.3319,2303.29,6.45711
1,mu-,1,5.64409,21.9863,-84.3183,2290.01,6.4912
1,mu-,1,4.90813,21.4517,-79.5141,2282.25,6.50753
1,mu-,1,2.75228,19.9394,-65.676,2254.06,6.55456
1,mu-,1,0.70947,18.5141,-52.848,2236.61,6.59819
1,mu-,1,-5.47064,14.3895,-15.2743,2193.65,6.72608
1,mu-,1,-11.6112,10.6802,23.8348,2147.05,6.85885
1,mu-,1,-16.7023,7.28364,56.7348,2107.54,6.9706
1,mu-,1,-31.0672,-3.23237,151.728,1994.38,7.29335
1,mu-,1,-31.9492,-3.81322,157.642,1983.25,7.31341
1,mu-,1,-35.6928,-6.04455,183.297,1949.59,7.40033
1,mu-,1,-35.767,-6.0818,183.798,1946.35,7.40202
1,mu-,1,-36.8958,-6.65777,191.482,1931.05,7.42803
1,mu-,1,-38.1268,-7.32727,199.606,1921.18,7.45557
1,mu-,1,-39.2506,-7.95885,206.919,1911.8,7.48037
1,mu-,1,-42.2492,-9.74418,227.126,1885.7,7.54887
1,mu-,1,-43.7737,-10.6703,237.766,1873.1,7.58491
1,mu-,1,-45.6213,-11.7157,250.406,1856.08,7.62772
1,mu-,1,-48.0121,-13.0554,266.864,1837.87,7.68345
1,mu-,1,-48.2362,-13.1632,268.325,1836.46,7.68841
1,mu-,1,-54.698,-16.1098,310.823,1820.3,7.83234
1,mu-,1,-68.326,-22.9134,403.904,1780.2,8.14743
1,mu-,1,-72.0311,-24.7629,428.998,1768.26,8.2324
1,mu-,1,-72.0847,-24.7894,429.356,1767.46,8.23361
1,mu-,1,-74.857,-26.159,447.825,1760.7,8.29618
1,mu-,1,-78.9462,-28.1803,474.442,1751.35,8.3864
1,mu-,1,-79.3615,-28.3951,477.218,1748.91,8.39581
1,mu-,1,-82.5961,-30.0258,498.863,1741.21,8.46913
1,mu-,1,-86.3568,-31.9159,524.346,1730.77,8.55543
1,mu-,1,-90.9076,-34.0615,555.568,1719.49,8.66109
1,mu-,1,-94.6943,-35.9714,582.796,1709.04,8.75316
1,mu-,1,-97.2,-37.2462,600.604,1701.39,8.8134
1,mu-,1,-101.924,-39.4821,633.235,1687.98,8.92382
1,mu-,1,-101.945,-39.4919,633.375,1677.44,8.92429
1,mu-,1,-103.869,-40.4595,646.766,1669.81,8.96962
1,mu-,1,-105.063,-41.1022,655.149,1666.2,8.99799
1,mu-,1,-105.607,-41.3916,658.95,1664.32,9.01086
1,mu-,1,-106.144,-41.6751,662.733,1659.01,9.02366
1,mu-,1,-109.335,-43.3628,685.317,1650.2,9.10009
1,mu-,1,-122.595,-50.4914,780.837,1615.83,9.42323
1,mu-,1,-125.224,-51.6768,799.704,1607.57,9.48701
1,mu-,1,-130.619,-54.1313,837.163,1593.17,9.61376
1,mu-,1,-135.141,-56.2811,869.198,1581.67,9.72212
1,mu-,1,-140.198,-58.7687,905.544,1567.39,9.84505
1,mu-,1,-142.189,-59.6381,919.918,1561.66,9.89364
1,mu-,1,-142.932,-59.9457,925.314,1554.62,9.91187
1,mu-,1,-145.674,-61.1371,945.141,1546.97,9.97889
1,mu-,1,-149.598,-62.8194,972.611,1534.62,10.0718
1,mu-,1,-153.636,-64.6591,1000,1525.63,10.1646
1,mu-,1,-156.441,-66.0708,1019.8,1525.53,10.2316
1,mu-,1,-164.536,-70.1425,1077.03,1525.51,10.4252
1,mu-,1,-167.716,-71.7402,1099.5,1525.51,10.5013
1,mu-,1,-167.858,-71.8113,1100.5,1525.2,10.5047
1,mu-,1,-168.287,-72.0281,1103.52,1525.2,10.5149
1,mu-,1,-173.978,-74.9039,1143.63,1525.19,10.6506
1,mu-,1,-174.812,-75.3254,1149.5,1525.19,10.6705
1,mu-,1,-174.953,-75.3972,1150.5,1524.77,10.6739
1,mu-,1,-178.099,-76.9559,1172.63,1524.76,10.7488
1,mu-,1,-181.916,-78.8488,1199.5,1524.76,10.8398
1,mu-,1,-182.058,-78.9193,1200.5,1524.32,10.8431
1,mu-,1,-188.967,-82.3299,1249.5,1524.32,11.0089
1,mu-,1,-189.108,-82.3995,1250.5,1523.94,11.0123
1,mu-,1,-195.992,-85.851,1299.5,1523.93,11.1781
1,mu-,1,-196.132,-85.9215,1300.5,1523.56,11.1815
1,mu-,1,-198.074,-86.8809,1314.28,1523.45,11.2281
1,mu-,1,-211.72,-93.6438,1411.22,1523.43,11.5561
1,mu-,1,-220.647,-98.0759,1474.6,1523.36,11.7706
1,mu-,1,-225.266,-100.366,1507.37,1523.36,11.8815
1,mu-,1,-225.281,-100.374,1507.48,1523.35,11.8819
1,mu-,1,-254.128,-114.677,1712.05,1523.32,12.5741
1,mu-,1,-257.593,-116.402,1736.64,1523.3,12.6573
1,mu-,1,-270.062,-122.609,1825.08,1523.29,12.9566
1,mu-,1,-281.241,-128.191,1904.39,1523.27,13.225
2,mu-,1,250,250,-2000,2896.2,0
2,mu-,1,222.673,222.673,-1781.39,2896.05,0.740985
2,mu-,1,215.447,215.431,-1723.55,2896.03,0.937022
2,mu-,1,214.721,214.705,-1717.75,2896.02,0.956692
2,mu-,1,209.728,209.701,-1677.78,2896.01,1.09215
2,mu-,1,203.898,203.861,-1631.13,2895.99,1.25027
2,mu-,1,181.587,181.518,-1452.62,2895.97,1.85534
2,mu-,1,162.579,162.494,-1300.5,2895.94,2.37095
2,mu-,1,162.454,162.369,-1299.5,2895.67,2.37434
2,mu-,1,161.505,161.423,-1291.91,2895.56,2.40007
2,mu-,1,156.331,156.257,-1250.5,2895.55,2.54042
2,mu-,1,156.206,156.132,-1249.5,2894.9,2.5438
2,mu-,1,154.664,154.591,-1237.1,2894.9,2.58581
2,mu-,1,150.111,150.039,-1200.5,2894.89,2.70986
2,mu-,1,149.986,149.915,-1199.5,2894.54,2.71325
2,mu-,1,147.568,147.498,-1180.02,2894.54,2.77925
2,mu-,1,144.007,143.938,-1151.34,2894.53,2.87644
2,mu-,1,143.902,143.833,-1150.5,2894.53,2.8793
2,mu-,1,143.778,143.709,-1149.5,2894.16,2.88269
2,mu-,1,143.663,143.594,-1148.57,2894.15,2.88583
2,mu-,1,137.693,137.644,-1100.5,2894.15,3.04873
2,mu-,1,137.593,137.543,-1099.69,2893,3.05147
2,mu-,1,137.569,137.52,-1099.5,2892.96,3.05212
2,mu-,1,137.387,137.337,-1098.03,2892.96,3.05711
2,mu-,1,136.077,136.021,-1087.45,2892.95,3.09296
2,mu-,1,125.245,125.149,-1000,2892.94,3.3893
2,mu-,1,124.051,123.951,-990.355,2887.97,3.42198
2,mu-,1,121.824,121.745,-972.245,2880.19,3.48333
2,mu-,1,114.103,114.08,-908.86,2857.5,3.69798
2,mu-,1,104.857,104.878,-833.044,2825.41,3.95476
2,mu-,1,102.603,102.674,-815.501,2818.09,4.01425
2,mu-,1,90.5084,90.6217,-721.851,2785.38,4.33199
2,mu-,1,89.7027,89.797,-715.392,2781.18,4.35389
2,mu-,1,79.3485,79.1972,-632.947,2750.75,4.63349
2,mu-,1,79.0529,78.8979,-630.716,2718.99,4.64107
2,mu-,1,78.0432,77.8944,-623.115,2715.68,4.66688
2,mu-,1,75.3417,75.2873,-602.981,2707.54,4.73525
2,mu-,1,67.4265,67.6068,-543.674,2684.41,4.93661
2,mu-,1,63.9055,64.0605,-517.191,2674.96,5.02657
2,mu-,1,62.0553,62.2125,-503.368,2669.3,5.07353
2,mu-,1,56.3302,56.5189,-460.86,2651.23,5.21796
2,mu-,1,49.3271,49.3842,-409.098,2631.08,5.39394
2,mu-,1,46.3646,46.2934,-387.279,2622.83,5.46816
2,mu-,1,44.672,44.5308,-374.831,2617.1,5.51051
2,mu-,1,35.6878,35.0197,-307.456,2593.45,5.73962
2,mu-,1,31.0092,30.0585,-271.163,2549.83,5.86289
2,mu-,1,30.9602,30.0048,-270.76,2546.95,5.86426
2,mu-,1,29.5598,28.4591,-259.134,2532.61,5.90369
2,mu-,1,27.7234,26.4466,-243.992,2511.75,5.95505
2,mu-,1,24.2096,22.7331,-216.507,2477.27,6.04838
2,mu-,1,22.1765,20.8902,-203.07,2459.67,6.09417
2,mu-,1,20.2984,19.3221,-191.035,2438.38,6.13517
2,mu-,1,19.3375,18.53,-184.904,2429.98,6.15606
2,mu-,1,18.2343,17.6497,-178.009,2421.23,6.17955
2,mu-,1,16.2191,16.0143,-165.574,2398.91,6.22196
2,mu-,1,14.4427,14.6255,-154.841,2383.18,6.25858
2,mu-,1,14.0358,14.2882,-152.271,2364.67,6.26734
2,mu-,1,5.29723,7.19026,-99.1112,2303.46,6.44876
2,mu-,1,-3.43062,0.679432,-48.3151,2246.14,6.62221
2,mu-,1,-6.2176,-1.22978,-32.787,2221.83,6.67527
2,mu-,1,-11.1231,-4.53664,-4.52576,2180.19,6.77169
2,mu-,1,-29.8065,-16.6686,105.082,2056.41,7.14517
2,mu-,1,-30.3465,-17.0133,108.411,2045.31,7.1565
2,mu-,1,-31.8899,-18.0671,118.282,2032.86,7.19005
2,mu-,1,-35.5078,-20.5005,141.508,2005.73,7.26897
2,mu-,1,-39.8506,-23.0521,167.704,1975.39,7.35806
2,mu-,1,-40.8451,-23.6158,173.974,1966.49,7.37935
2,mu-,1,-43.2232,-25.1347,189.688,1949.72,7.43267
2,mu-,1,-44.4192,-25.9366,197.692,1945.37,7.45983
2,mu-,1,-46.4331,-27.3217,211.57,1938.48,7.5069
2,mu-,1,-50.2906,-29.9574,237.917,1928.1,7.59628
2,mu-,1,-51.6415,-30.907,247.164,1923.8,7.62765
2,mu-,1,-61.8266,-38.0552,316.008,1897.84,7.86133
2,mu-,1,-63.9106,-39.4587,330.665,1892.05,7.911
2,mu-,1,-76.8533,-47.0555,419.109,1859.03,8.21066
2,mu-,1,-80.3386,-48.7599,441.176,1849.63,8.2855
2,mu-,1,-83.6382,-50.4146,462.246,1841.03,8.35696
2,mu-,1,-86.6644,-51.9097,481.142,1832.66,8.42108
2,mu-,1,-88.1545,-52.6485,490.501,1825.03,8.45284
2,mu-,1,-89.3063,-53.2118,497.636,1821.77,8.47705
2,mu-,1,-89.934,-53.5081,501.539,1819.89,8.4903
2,mu-,1,-91.7453,-54.3859,512.72,1815.53,8.52825
2,mu-,1,-108.071,-62.2482,613.598,1777,8.87065
2,mu-,1,-109.795,-63.1209,624.493,1772.45,8.90761
2,mu-,1,-110.946,-63.6794,631.69,1769.09,8.93203
2,mu-,1,-116.701,-66.4649,667.847,1754.4,9.05471
2,mu-,1,-117.267,-66.7522,671.373,1751.09,9.06668
2,mu-,1,-117.284,-66.761,671.481,1747.1,9.06704
2,mu-,1,-130.626,-73.5917,754.134,1715.26,9.3477
2,mu-,1,-134.21,-75.2624,776.754,1701.43,9.42443
2,mu-,1,-140.481,-78.2564,816.268,1625.14,9.55848
2,mu-,1,-147.45,-81.9937,861.055,1609.3,9.71047
2,mu-,1,-163.742,-91.2252,962.708,1571.34,10.0559
2,mu-,1,-169.962,-94.595,1000,1558.2,10.1828
2,mu-,1,-186.139,-103.69,1099.5,1558.19,10.5211
2,mu-,1,-186.301,-103.781,1100.5,1557.86,10.5245
2,mu-,1,-186.595,-103.946,1102.3,1557.86,10.5306
2,mu-,1,-194.288,-108.276,1149.5,1557.85,10.6911
2,mu-,1,-194.451,-108.367,1150.5,1557.54,10.6945
2,mu-,1,-198.013,-110.358,1172.25,1557.54,10.7685
2,mu-,1,-202.477,-112.852,1199.5,1557.53,10.8611
2,mu-,1,-202.641,-112.943,1200.5,1557.25,10.8645
2,mu-,1,-210.624,-117.484,1249.5,1557.24,11.0312
2,mu-,1,-210.786,-117.577,1250.5,1556.93,11.0346
2,mu-,1,-218.737,-122.092,1299.5,1556.92,11.2012
2,mu-,1,-218.899,-122.184,1300.5,1556.59,11.2046
2,mu-,1,-219.52,-122.539,1304.36,1556.59,11.2177
2,mu-,1,-228.483,-127.659,1360.06,1556.57,11.407
2,mu-,1,-249.88,-139.874,1492.89,1556.55,11.8586
2,mu-,1,-251.84,-140.993,1505.07,1556.55,11.9
2,mu-,1,-260.097,-145.721,1556.41,1556.54,12.0745
2,mu-,1,-268.832,-150.725,1610.76,1556.53,12.2592
2,mu-,1,-302.769,-170.28,1822.33,1556.5,12.9784
2,mu-,1,-312.791,-176.06,1884.79,1556.49,13.1907
2,mu-,1,-321.337,-180.992,1938.02,1556.48,13.3717
3,mu-,1,250,250,-2000,2896.2,0
3,mu-,1,231.162,231.162,-1849.3,2896.16,0.510803
3,mu-,1,213.647,213.662,-1709.27,2896.14,0.985423
3,mu-,1,197.116,197.169,-1577.1,2896.11,1.43339
3,mu-,1,189.427,189.503,-1515.62,2896.09,1.64178
3,mu-,1,177.451,177.567,-1419.86,2896.08,1.96632
3,mu-,1,162.519,162.681,-1300.5,2896.06,2.3709
3,mu-,1,162.394,162.556,-1299.5,2895.63,2.37429
3,mu-,1,156.287,156.422,-1250.5,2895.62,2.54037
3,mu-,1,156.163,156.297,-1249.5,2895.1,2.54376
3,mu-,1,154.106,154.216,-1232.87,2895.09,2.60011
3,mu-,1,150.104,150.168,-1200.5,2895.08,2.70981
3,mu-,1,149.98,150.043,-1199.5,2894.76,2.7132
3,mu-,1,149.088,149.141,-1192.27,2894.75,2.73769
3,mu-,1,147.882,147.922,-1182.51,2894.75,2.77078
3,mu-,1,143.93,143.928,-1150.5,2894.74,2.87925
3,mu-,1,143.807,143.803,-1149.5,2894.43,2.88264
3,mu-,1,141.251,141.208,-1128.69,2894.35,2.95315
3,mu-,1,137.787,137.696,-1100.5,2894.34,3.04867
3,mu-,1,137.664,137.571,-1099.5,2893.99,3.05206
3,mu-,1,125.482,125.141,-1000,2893.97,3.38921
3,mu-,1,123.179,122.791,-981.183,2886.16,3.45297
3,mu-,1,123.027,122.63,-979.901,2885.05,3.45731
3,mu-,1,122.937,122.534,-979.141,2884.01,3.45988
3,mu-,1,117.98,117.286,-937.381,2868.37,3.60133
3,mu-,1,108.6,107.404,-857.775,2839.46,3.8709
3,mu-,1,104.948,103.594,-826.611,2826.08,3.9764
3,mu-,1,89.6383,87.3873,-694.295,2776.86,4.42427
3,mu-,1,85.6337,82.7711,-656.815,2761.87,4.55103
3,mu-,1,84.7915,81.7805,-648.825,2758.56,4.57805
3,mu-,1,83.7441,80.5563,-639.064,2744.06,4.61107
3,mu-,1,78.8653,74.8556,-593.873,2727.15,4.76398
3,mu-,1,74.877,70.533,-559.127,2712.89,4.88161
3,mu-,1,73.7916,69.3817,-549.767,2707.89,4.9133
3,mu-,1,73.6674,69.2528,-548.703,2705.25,4.9169
3,mu-,1,72.2435,67.7884,-536.556,2697.52,4.95802
3,mu-,1,67.9399,63.3852,-499.104,2683.84,5.08471
3,mu-,1,67.7687,63.2091,-497.62,2680.14,5.08973
3,mu-,1,64.1629,59.5028,-466.227,2666.23,5.19593
3,mu-,1,63.3495,58.6857,-459.336,2661.55,5.21926
3,mu-,1,61.1846,56.4807,-440.866,2654.68,5.28177
3,mu-,1,60.714,56.0089,-436.863,2652.56,5.29531
3,mu-,1,60.5126,55.8088,-435.159,2651.02,5.30108
3,mu-,1,59.3241,54.6471,-425.191,2646.24,5.33481
3,mu-,1,48.5624,44.2253,-334.794,2611.28,5.64068
3,mu-,1,44.8994,40.4481,-303.444,2599.11,5.7468
3,mu-,1,42.735,38.1935,-284.986,2589.7,5.80929
3,mu-,1,37.6558,32.8944,-241.881,2574.64,5.95526
3,mu-,1,31.3478,26.7386,-185.841,2504.35,6.14463
3,mu-,1,29.0173,24.8072,-165.221,2476.26,6.2142
3,mu-,1,24.2417,20.9792,-123.33,2426.28,6.35554
3,mu-,1,22.5006,19.6132,-106.85,2406.98,6.41105
3,mu-,1,19.2233,17.0656,-77.557,2373.02,6.50983
3,mu-,1,18.8001,16.7284,-73.7676,2366.81,6.52261
3,mu-,1,16.109,14.5507,-49.5322,2164.94,6.60434
3,mu-,1,15.247,13.8135,-41.2977,2154.7,6.6321
3,mu-,1,14.9161,13.5204,-37.8726,2147.02,6.64363
3,mu-,1,12.6168,11.5591,-14.4507,2119.08,6.72249
3,mu-,1,12.17,11.1678,-10.0032,2112.65,6.73748
3,mu-,1,11.5217,10.627,-3.58941,2105.28,6.75908
3,mu-,1,10.798,10.0163,3.54366,2096.16,6.78311
3,mu-,1,7.3461,7.20077,37.7473,2054.34,6.8983
3,mu-,1,6.80781,6.78872,42.8245,2044.74,6.9154
3,mu-,1,5.36734,5.66311,56.7271,2011.66,6.96223
3,mu-,1,4.69679,5.0756,63.4456,1994.17,6.98487
3,mu-,1,2.70981,3.42162,83.1254,1970.56,7.05116
3,mu-,1,2.01744,2.79591,90.0591,1954.41,7.07453
3,mu-,1,1.95772,2.74038,90.6809,1952.43,7.07662
3,mu-,1,1.74349,2.55437,92.8854,1948.62,7.08405
3,mu-,1,-0.623348,0.578461,116.568,1922.96,7.16382
3,mu-,1,-1.46951,-0.637887,126.06,1911.04,7.1959
3,mu-,1,-3.91911,-4.01262,153.487,1881.8,7.28857
3,mu-,1,-5.04204,-4.93557,165.36,1869.31,7.32853
3,mu-,1,-5.90308,-5.56035,171.475,1861.79,7.34926
3,mu-,1,-9.58968,-8.03884,196.913,1832.55,7.43552
3,mu-,1,-9.99607,-8.30485,199.862,1817.14,7.44551
3,mu-,1,-12.4041,-9.86671,217.229,1792.85,7.50431
3,mu-,1,-14.1729,-10.9937,229.949,1779.19,7.54738
3,mu-,1,-14.3137,-11.0757,230.887,1776.51,7.55056
3,mu-,1,-23.2773,-16.1973,289.951,1705.77,7.75088
3,mu-,1,-23.4465,-16.3043,291.135,1703.1,7.75489
3,mu-,1,-28.0057,-19.1445,322.764,1662.12,7.86209
3,mu-,1,-31.7611,-21.3178,346.661,1633.53,7.94325
3,mu-,1,-36.067,-23.4974,373.029,1605.25,8.03283
3,mu-,1,-38.1284,-24.3278,386.421,1589.17,8.0782
3,mu-,1,-39.0805,-24.7413,393.324,1580.95,8.10153
3,mu-,1,-41.0727,-25.4655,407.387,1563.88,8.14906
3,mu-,1,-42.6359,-26.1185,418.509,1553.28,8.18666
3,mu-,1,-53.6253,-30.4375,496.119,1524.67,8.44905
3,mu-,1,-56.3413,-31.3252,514.335,1517,8.51069
3,mu-,1,-59.2297,-32.3053,534.044,1508.72,8.57735
3,mu-,1,-60.5311,-32.7609,543.005,1504.76,8.60766
3,mu-,1,-62.719,-33.5319,558.129,1499.42,8.65881
3,mu-,1,-71.2037,-36.537,615.405,1478.82,8.85263
3,mu-,1,-73.2083,-37.2216,628.723,1472.77,8.89771
3,mu-,1,-77.0766,-38.5518,653.74,1462.62,8.98246
3,mu-,1,-79.798,-39.5072,671.277,1449.8,9.04187
3,mu-,1,-81.3064,-40.0628,681.36,1444.13,9.07601
3,mu-,1,-86.0319,-41.6741,712.866,1430.89,9.18266
3,mu-,1,-87.9141,-42.3238,725.176,1424.43,9.22436
3,mu-,1,-90.7464,-43.2818,743.675,1407.52,9.28701
3,mu-,1,-98.9553,-46.1061,796.931,1386.77,9.46744
3,mu-,1,-99.3934,-46.2507,799.764,1384.84,9.47704
3,mu-,1,-101.047,-46.8049,810.571,1378.82,9.51365
3,mu-,1,-103.26,-47.5649,825.58,1372.14,9.56444
3,mu-,1,-111.655,-50.6022,881.894,1352.55,9.75512
3,mu-,1,-118.405,-52.9165,925.608,1335.87,9.90326
3,mu-,1,-129.734,-56.3813,1000,1310.2,10.1552
3,mu-,1,-134.518,-57.7766,1032.76,1310.2,10.266
3,mu-,1,-136.01,-58.2124,1042.97,1310.19,10.3006
3,mu-,1,-140.037,-59.3903,1070.56,1310.18,10.3939
3,mu-,1,-144.259,-60.6279,1099.5,1310.18,10.4919
3,mu-,1,-144.317,-60.6449,1099.9,1306.55,10.4932
3,mu-,1,-144.403,-60.6726,1100.5,1306.38,10.4952
3,mu-,1,-151.382,-62.921,1149.5,1306.37,10.661
3,mu-,1,-151.525,-62.9669,1150.5,1306,10.6644
3,mu-,1,-158.521,-65.2811,1199.5,1305.99,10.8301
3,mu-,1,-158.664,-65.3283,1200.5,1305.18,10.8335
3,mu-,1,-165.626,-67.7127,1249.5,1305.17,10.9992
3,mu-,1,-165.769,-67.7614,1250.5,1304.89,11.0026
3,mu-,1,-172.744,-70.1911,1299.5,1304.88,11.1684
3,mu-,1,-172.886,-70.2407,1300.5,1304.53,11.1718
3,mu-,1,-175.182,-71.0424,1316.62,1304.52,11.2263
3,mu-,1,-213.939,-84.5787,1588.8,1304.48,12.147
3,mu-,1,-227.513,-89.3057,1684.14,1304.43,12.4696
3,mu-,1,-230.115,-90.2079,1702.46,1304.43,12.5315
3,mu-,1,-234.743,-91.8141,1735.05,1304.42,12.6418
3,mu-,1,-265.159,-102.371,1949.24,1304.39,13.3663
4,mu-,1,250,250,-2000,2896.2,0
4,mu-,1,237.823,237.823,-1902.58,2896.18,0.330193
4,mu-,1,208.475,208.462,-1667.82,2896.12,1.12592
4,mu-,1,162.573,162.518,-1300.5,2896.05,2.37094
4,mu-,1,162.448,162.393,-1299.5,2895.56,2.37433
4,mu-,1,156.316,156.254,-1250.5,2895.56,2.54042
4,mu-,1,156.191,156.129,-1249.5,2895.27,2.54381
4,mu-,1,150.6,150.517,-1204.8,2895.25,2.69532
4,mu-,1,150.062,149.977,-1200.5,2895.25,2.70991
4,mu-,1,149.937,149.851,-1199.5,2894.97,2.7133
4,mu-,1,143.819,143.68,-1150.5,2894.97,2.8794
4,mu-,1,143.694,143.554,-1149.5,2894.63,2.88279
4,mu-,1,137.551,137.398,-1100.5,2894.62,3.04889
4,mu-,1,137.425,137.273,-1099.5,2894.2,3.05228
4,mu-,1,124.936,124.769,-1000,2894.18,3.38958
4,mu-,1,115.615,115.434,-925.723,2858.35,3.64138
4,mu-,1,115.553,115.372,-925.218,2856.6,3.64309
4,mu-,1,113.64,113.426,-909.519,2849.48,3.69627
4,mu-,1,113.105,112.879,-905.149,2846.4,3.71108
4,mu-,1,105.621,105.227,-843.946,2824.62,3.91846
4,mu-,1,99.0914,98.1622,-790.366,2804.59,4.10016
4,mu-,1,96.9465,95.8542,-772.976,2777.1,4.15915
4,mu-,1,89.62,88.0273,-714.697,2754.88,4.35695
4,mu-,1,85.3563,83.4667,-681.124,2741.38,4.47093
4,mu-,1,66.1285,62.681,-527.468,2687.32,4.99246
4,mu-,1,65.5189,62.0324,-522.807,2681.02,5.0083
4,mu-,1,54.4378,50.0993,-437.331,2650.64,5.29875
4,mu-,1,52.3551,47.8418,-420.996,2644.28,5.35424
4,mu-,1,49.3956,44.5999,-397.71,2526.12,5.43334
4,mu-,1,48.4037,43.455,-389.586,2521.84,5.46093
4,mu-,1,44.3367,38.6984,-355.952,2507.83,5.57514
4,mu-,1,44.2,38.5376,-354.799,2504.79,5.57905
4,mu-,1,43.9523,38.2448,-352.703,2503.42,5.58616
4,mu-,1,38.5566,31.8338,-306.898,2485.72,5.74161
4,mu-,1,38.3798,31.5857,-305.275,2481.53,5.74713
4,mu-,1,24.1564,11.4691,-174.609,2339.41,6.19103
4,mu-,1,23.8156,11.1249,-172.127,2328.98,6.19947
4,mu-,1,21.5029,8.6829,-154.747,2306.52,6.25858
4,mu-,1,19.1753,6.27347,-138.089,2286.78,6.31531
4,mu-,1,18.969,6.06645,-136.666,2282.59,6.32016
4,mu-,1,9.3885,-3.44907,-70.2678,2206.9,6.5464
4,mu-,1,5.19866,-6.61613,-44.0352,2175.29,6.63573
4,mu-,1,-1.28291,-12.5769,-1.66044,2126.61,6.78025
4,mu-,1,-6.07293,-17.5799,32.1962,2086.34,6.89565
4,mu-,1,-6.69345,-18.1413,36.231,2079.71,6.90942
4,mu-,1,-8.2241,-19.5238,46.2262,2067.75,6.9435
4,mu-,1,-8.55607,-19.8335,48.4433,2056.01,6.95106
4,mu-,1,-13.1631,-24.2755,79.5116,2020.3,7.05699
4,mu-,1,-14.1753,-25.2322,86.0924,2011.83,7.07946
4,mu-,1,-16.6159,-27.7336,102.764,1992.95,7.13635
4,mu-,1,-23.1645,-34.6622,149.602,1940.2,7.29599
4,mu-,1,-24.8852,-36.3913,161.6,1922.7,7.33688
4,mu-,1,-28.9719,-40.7508,191.969,1889.29,7.44026
4,mu-,1,-33.2324,-45.9187,226.77,1872.99,7.55864
4,mu-,1,-35.7321,-48.8947,246.997,1862.24,7.62745
4,mu-,1,-37.7189,-51.2297,262.599,1852.88,7.68056
4,mu-,1,-42.5043,-56.9485,300.761,1832.05,7.81045
4,mu-,1,-46.4875,-61.5666,332.448,1820.92,7.91825
4,mu-,1,-49.282,-64.6004,353.954,1811.23,7.9914
4,mu-,1,-49.6438,-64.98,356.707,1809.36,8.00077
4,mu-,1,-49.8228,-65.169,358.063,1807.65,8.00538
4,mu-,1,-50.246,-65.6182,361.275,1805.74,8.0163
4,mu-,1,-53.0261,-68.5528,382.331,1785.59,8.08793
4,mu-,1,-60.369,-76.0045,437.381,1765.1,8.27514
4,mu-,1,-66.3687,-81.9851,483.876,1746.65,8.43303
4,mu-,1,-68.3941,-84.0685,499.244,1740.47,8.48529
4,mu-,1,-74.9329,-91.0986,549.883,1719.35,8.65749
4,mu-,1,-77.1921,-93.3699,567.536,1712.46,8.71744
4,mu-,1,-81.7739,-98.6133,604.675,1698.21,8.84369
4,mu-,1,-81.9164,-98.7896,605.919,1696.02,8.84792
4,mu-,1,-83.0189,-100.165,615.765,1687.56,8.88134
4,mu-,1,-91.9052,-111.889,698.731,1655.33,9.16289
4,mu-,1,-95.4458,-116.49,731.346,1643.37,9.27359
4,mu-,1,-99.9691,-122.375,771.88,1627.3,9.4113
4,mu-,1,-103.723,-127.133,804.05,1613.96,9.5207
4,mu-,1,-105.48,-129.393,818.975,1607.52,9.57149
4,mu-,1,-111.51,-137.355,871.325,1586.83,9.7496
4,mu-,1,-116.924,-144.4,918.865,1569.32,9.91123
4,mu-,1,-120.51,-148.741,949.635,1557.77,10.0158
4,mu-,1,-123.323,-152.162,973.393,1548.2,10.0966
4,mu-,1,-125.383,-154.734,991.403,1541.56,10.1578
4,mu-,1,-126.35,-155.972,1000,1538.88,10.187
4,mu-,1,-130.617,-161.305,1037.3,1538.87,10.3137
4,mu-,1,-137.733,-170.199,1099.5,1538.86,10.5251
4,mu-,1,-137.848,-170.342,1100.5,1538.51,10.5285
4,mu-,1,-140.767,-173.982,1125.99,1538.51,10.6151
4,mu-,1,-143.459,-177.338,1149.5,1538.51,10.695
4,mu-,1,-143.573,-177.481,1150.5,1538.21,10.6984
4,mu-,1,-149.203,-184.484,1199.5,1538.2,10.8649
4,mu-,1,-149.318,-184.627,1200.5,1537.86,10.8683
4,mu-,1,-154.643,-191.297,1246.55,1537.86,11.0248
4,mu-,1,-154.984,-191.724,1249.5,1537.86,11.0349
4,mu-,1,-155.1,-191.869,1250.5,1537.59,11.0383
4,mu-,1,-155.673,-192.583,1255.42,1537.59,11.055
4,mu-,1,-160.806,-198.974,1299.5,1537.58,11.2049
4,mu-,1,-160.922,-199.12,1300.5,1537.3,11.2083
4,mu-,1,-186.147,-231.073,1519.43,1537.25,11.9526
4,mu-,1,-198.488,-246.73,1626.66,1537.23,12.3172
4,mu-,1,-204.554,-254.411,1679.3,1537.22,12.4961
4,mu-,1,-217.16,-270.385,1788.78,1537.18,12.8683
4,mu-,1,-218.396,-271.948,1799.5,1537.18,12.9048
4,mu-,1,-237.676,-296.339,1966.85,1537.16,13.4737
