angle,x,y,z
0.044978588604468725,2264.601803123457,598.5159516133817,-9296.825765142534
0.08946562594669748,-105.73818715464128,-71.69753492026003,-482.008386286278
0.06692670341904995,-45.09066451188103,-404.54758251946737,-1301.316326007166
0.013813930920287841,-277.48077991041606,267.0615320793157,-386.0709087512691
0.022620145938262046,-409.583885524213,297.67253644634764,-669.6051438536311
0.050371028151580864,-171.05952410920952,38.782771017738156,80.56227701406488
0.06094878389222162,-182.28069576043788,64.35829754893365,-434.34579977646507
0.01580646935638318,192.8526943363563,-426.0958565065987,412.7728034770298
0.04918501059451258,-67.62110506170735,-275.5432067829435,-421.9707189654424
0.01788965531271207,502.3259635643411,-374.86974203016183,1442.0776471825204
0.09930345045015428,212.34048206150095,-158.17330826441705,61.4822887196774
0.017760585559974684,-326.7068272563137,531.7240502925824,2190.234127130223
0.1801296988382911,3.9452395694154525,-275.0863021994287,-737.8887974456208
0.009201694356411046,255.16368298645546,198.28024652683305,311.32409519481837
0.00753268777882514,178.86864264627258,-225.37940451682482,-2199.2668628074643
0.029186453710593807,-320.4082969440233,-287.1758536048108,-521.5535746290305
0.03758935402936889,-220.1391114215505,52.8739052030608,208.24065186971632
0.08154524788881123,-104.08108641261212,80.08122133242506,99.46603899303068
0.031781586159395,-195.05887341195637,22.32218599004986,-141.77799944964147
0.022536096588801874,-315.45694813326236,-316.988847830052,735.1041268569896
0.004743413645497665,40.17199539682228,957.5016426290222,13732.263648904183
0.019606831003620605,596.1737049578013,-231.47945366658587,2763.546216522189
0.07440259611594771,-259.2784720808377,375.458772442522,599.9691197379889
0.0042800234024446505,287.3316034616901,-42.68692601318406,-85.5182343060128
0.07616761137790809,427.30746921026713,287.4234760426385,3278.2595006039846
0.029771520844718288,138.82912999490563,243.5485880197336,546.4370501479103
0.12339157216667432,2.1151412937668965,367.93020240638435,-1073.032796231902
0.0004986267432283622,-219.6553473332289,1046.850685407897,8367.328289088902
0.11219492029791558,-87.73027691791322,469.81933754733933,-1348.1861760830036
0.03923237566772329,-2.001573218123994,-92.17548066845683,-221.47958506084325
0.019610567435415144,-156.89950783968527,7.117237181727214,-585.7016025513692
0.029452153148416534,-220.3810546194692,358.05385951517854,-540.5105729184938
0.01724646631136134,-203.4922087651368,-102.42608647223395,438.03973034654996
0.008176768478609674,419.4933697986046,-47.36423409711158,-599.7356172094052
0.017008376392934073,125.95339563149608,-31.378260164464688,-1185.6417554156933
0.02217079106041668,280.1083637157878,264.19497322738016,-783.7251324191532
0.011268618745806522,285.8387507856213,26.316808836093706,471.41631055002995
0.032134243941845206,211.34330094614398,37.382859820511044,-529.0113107143768
0.2781105636378192,-132.92304777390507,-327.2381011444109,-182.6396361001943
0.010183262626721713,-280.22208165043116,377.26781578285755,1488.0504646729123
0.027099861290597244,-264.99719976119707,-274.986238240222,292.8393358228302
0.07445276949294312,15.265809296070948,-55.81960125929909,-436.83103644970237
0.04006807726849236,-307.209964458654,-31.263322214849644,-1295.3738609238417
0.013215268944370372,-19.78814516163043,484.8167425709233,-1764.5337269264044
0.05757866153283744,-216.60505895219393,-255.7909968491668,-228.43478382560602
0.0413445556609772,-156.88288667223088,-68.4255567844204,-863.2636854469708
0.01660369261648612,121.14304648665586,254.01272309918798,-782.9250774350866
0.11301967634865397,-143.5622947934709,197.1431328097728,-2431.15363090988
0.11956514145588773,392.20735810791393,335.5455934389363,-548.523132424194
0.006188381439865939,375.4309880539011,-571.5296880871765,-2005.29660739574
0.06328167379719983,-261.0386437497873,-431.2959566896701,-649.4967203824431
0.007430683948820962,-113.84149377963277,250.88821359419967,-595.5087117433459
0.055277325672212614,-188.10335401191466,260.8029941749123,680.6962052858875
0.0008476755936671899,-2365.768083633076,-7281.139447663452,-52465.38569168969
0.004131085713062206,32.70065254015549,1908.4747786676817,-7203.091498297235
0.01287150164489888,-2071.782341200398,-47.88800899376605,-8573.400879954825
0.06053479336221631,344.9133937964022,-88.82817010174607,-3104.647138402412
0.055755896154944765,257.651398191751,-338.3455909150657,-1662.0479557789517
0.08035516933342844,400.0076110096636,458.8514594394154,-516.8672144587131
0.004810461314191759,-146.5586365214366,-310.53650420793474,-625.9065356820709
0.10462860596945267,94.26059876669174,213.33881682553454,-214.08542114711491
0.03471821308524115,102.07431511892871,-440.8689340559538,-882.2378975601522
0.03275320389002047,114.74929993203682,-104.08497023011884,326.7804095841974
0.03538607068918173,-265.002320445931,346.0852794830132,232.01226673143117
0.04164175146774785,-515.6844223001585,16.370584833171705,-1610.182200045601
0.06582150559181889,-196.25127541660163,-244.7687084252575,48.460230770902285
0.0041052956915844175,-187.30275387147555,-193.2373439516429,11.165461263601173
0.011100838762422016,53.70112072555525,329.7363221058139,1065.7077969887032
0.009564013412917138,417.6116001523773,188.9561170349727,170.54284648829378
0.027410442374594737,-478.85717728585655,-439.3678964721779,-1055.7383203346926
0.029708809181666067,56.61059863732038,-58.687824584189016,-484.57708605497066
0.025321538643491875,120.91878563414576,68.14298569683575,270.5975740606116
0.004751062637007252,316.0060901409357,167.21663264007762,407.7358151538151
0.006029841811069412,135.56523077036286,-542.3317733981005,-4052.575595048788
0.09395298092299328,153.4304525641279,-423.86915227216195,-156.71524010988048
0.003364743491848746,-463.9040874734097,-276.6720144868643,-203.76059393513322
0.020644268505520653,196.9733764171831,360.49624755212255,-1072.086793703523
0.03166744746969477,-464.80254521011807,-134.6450541131995,-1865.6047631023607
0.008171139758437446,-337.01139466086903,-147.8077163541342,94.91491348356112
0.014759949542372577,474.66641474248263,-462.8338490637342,8476.889724886436
0.060982159149949415,148.1900233007991,334.675386100355,-305.18266866291833
0.042847193158473955,311.7666954943775,200.13295315715288,-169.68020198605086
0.04970977151050525,-251.32029147087084,-426.0633143961241,-1481.3892749435697
0.021629511737608895,1657.2091220416346,-719.1455880081626,-6954.975935558135
0.012292324837096488,-87.91577144088326,-53.74774153781746,-71.1113799389401
0.005745820535628152,-287.6241519974401,235.3927306860508,-732.7955440231315
0.029763792168860957,-392.26038799579385,292.7723807067928,-756.2802088172771
0.0018756708579993613,74.4987441712989,-127.05990176642035,223.3579444114539
0.019367556550098447,450.5455787388638,-10.920188381312503,-1205.8117181452749
0.0536588025583838,-150.56583404093345,-232.08059098787936,570.7224296756974
0.01694308754735425,143.54404810672895,146.15639058438077,-113.90915113098424
0.06582553910610722,103.44408439958085,-450.159757072051,-1268.943174775246
0.045016447091612254,-257.04144927974573,148.18696464235495,-381.15529373363046
0.024606631079712688,102.46137821724535,69.27440213466684,-1776.5113729871052
0.008856468866454295,-150.9313729874538,-371.72607471428404,-322.53099030802105
0.023966619026789766,2991.9072013860286,4976.3541582744665,18557.500598210412
0.02036599392911152,45.17363525670467,-192.1671473714412,516.8767528995648
0.04540555044981348,66.12152195279793,451.96509519700385,622.579515523006
0.16342493973802236,183.05031002205703,-83.93681410751482,-375.02485365835963
0.0028271395024279046,123.88814026500621,-167.22954235703384,-3772.088593800423
0.130075008345423,295.46101945752775,-92.39578505049948,-9.931106983684685
0.0709102122340687,201.0350624622805,230.71157556202945,-340.4671125369288
0.09562557684773466,-272.5463375765798,-92.15662482406833,-484.7117818889451
0.039830905255651756,-189.40942754629936,206.77456470508335,-279.3047182530488
0.06451313059261073,244.89266954321064,-188.99500753190898,1119.283529645008
0.0033817005623628994,34.929956249905246,100.1182035527301,-595.2318130558979
0.025621765740373923,211.80235863782332,310.23249719987,-432.1718074922444
0.06508295713664924,-108.46397694778159,288.5388192208144,-1497.6807528019467
0.07834127940151688,-22.42499627437377,4.410247483249499,-375.171891609446
0.12330946652598596,-136.71955296690828,52.62348068611723,-511.7564978991158
0.10637219979655257,-90.49142703158788,148.14093125816981,78.73642117245754
0.011539901976020358,159.06357187182604,-192.490852043275,-857.2705416111509
0.016831855991480515,-302.38705240068145,19.787928021393896,-905.3675960492067
0.024236889428647327,90.20681792515688,18.541964904480096,-305.8923601680262
0.018255005154820265,377.54316588956124,-353.0761278514932,-612.2869055034057
0.008276085436040895,-433.10667408886246,179.17095151284218,-2166.9937561242887
0.16559253163810717,-100.24256573930519,-264.9192904576985,-298.9454912421268
0.029985768272354014,847.0342996013773,-584.4715155682388,-2295.0993595493637
0.005335401132406731,373.8663428205638,235.78217847508284,790.014845161903
0.1353743246972706,-230.03182227517004,-225.80919691020745,-709.0888852811033
0.010567158507795849,-215.55952211767982,229.25808715777356,1469.2191618120876
0.0380439447795482,402.69927545184476,308.96417963249905,-875.3777460656199
0.021806851158508153,-27.226702083906826,382.2628556984876,656.6180963486979
0.015358919980110037,191.07770384522405,29.876816402273597,-1686.4160412391084
0.059746003776042646,142.69329738993093,302.9583668993623,98.43004068093444
0.012148411549528896,84.1361287792036,-551.672973696293,-2224.365075578729
0.04719927152985972,-201.88911288999225,-236.22727688374113,-170.0698389267601
0.08784449734061345,101.60235747217027,144.1001764775887,-684.3737691794231
0.10371544340455761,-316.66178548705466,305.4559635136694,328.79957682998213
0.14148863230434242,12.763657549249164,-385.47915846186277,-244.7826678991891
0.06501835202506698,-6.562821312147918,-140.99643954605403,-54.68451762589984
0.015877249708679986,64.52201791867222,120.03328105322939,89.35013613390151
0.011519710211698956,-192.44870536663643,-24.74465060505608,661.0532440209483
0.007444137959163341,-198.68251882550683,481.49615251006526,-1101.8633461300913
0.007538770446058134,1987.3817145965727,-910.6845602038186,18128.72993702987
0.2703143312369883,-290.4658799796104,-145.66856582198432,-743.3633936185927
0.014429625341138055,-37.073388821688255,254.49022722429868,-1169.826417722803
0.05522196807399824,56.785074374595894,-123.43240948994314,298.74882061238156
0.0052367012682500306,-366.24799033295756,-51.314586775330206,-42.15866916749383
0.009096213596931942,-177.7735793528691,153.66103009720638,499.41365966959404
0.018446510851201355,729.1707245957097,109.06579267469888,-3022.3139061472793
0.062153918622586,-73.71647961456682,382.4724547270166,1694.4573278941216
0.003369196581463078,198.51147256860133,-1347.746704926566,7359.393203041458
0.01673735253935398,-115.56626507008235,-416.0854184325628,1385.0499955310966
0.09485009105320096,-407.0824344755141,-349.72370575466607,-1179.3817516900372
0.000492577622024492,106.0905906392189,-333.1396451615685,430.49089609693135
0.05013076770234874,-453.98774259197216,220.01389214913002,-573.1384297764178
0.01876845389225895,84.3016615821085,-93.87021182964867,-145.48089002199026
0.0008560342653842584,535.0315208035903,-567.4987263316592,-2430.932401781651
0.021332641602493773,127.87572275149226,-162.54291777060405,1080.869297062909
0.013388214138361146,28.11079066633677,-488.16151706692415,-1814.088162431037
0.010517332460232596,-246.4000803309555,-220.98667617285145,439.53830831879793
0.004795068147752464,310.06520008196657,-1181.8934677631428,5963.632637630737
0.09358875480277935,376.7965785056852,84.92175577871662,-16.865733760035027
0.09329629725273482,-98.39049611609468,341.3736120516013,-298.4415904658628
0.04974182272992936,-186.80579387759843,-247.16443292830832,640.7768406223452
0.022334609787562992,-113.05913251899082,-64.91972378539005,448.13046238190975
0.006704742463535512,-213.10348399432837,251.91782451872237,-215.97863350815538
0.008762460439170028,-372.9491122149243,160.62608496621172,-331.459548510982
0.10539841442914699,-410.2826356885798,1355.7843946017813,-4464.6797583939
0.005012035258006805,-169.2043316899581,395.28056888616146,248.8160023091956
0.017524696638714785,219.04741063827396,103.85521374487118,-1089.0942615745776
0.05721732446462139,208.16868614428483,53.52234257171272,-714.0795263270381
0.0577855129079423,-308.4009874481719,148.88702633754616,-434.9544978681303
0.009667135299624027,-315.17906267919955,137.21790298289613,799.1537146113005
0.07358222065489503,-449.94778131418,-178.92194331724653,-489.3059763301631
0.013491867758244406,-89.1780170284089,-62.21909616650083,286.51522594546066
0.06701535254825514,128.74794690296332,-308.656765524785,1160.6551608096565
0.08458096599622125,-230.64266145143557,-88.11967204350711,-199.42412704933378
0.0921316440813429,3208.738288231487,-46.618325983436364,13244.984014277534
0.10760201428871735,-211.58985845867824,392.908062228067,-1536.709986458695
0.009346569336085414,241.02198415071587,-350.26396845534754,-605.1780556463535
0.00970712666786788,-356.93640499434485,-51.43981332123475,531.768921039599
0.009671261799667642,-305.3004839205762,-76.38974865166307,-2235.043453954252
0.007852680267394567,13.652116015174578,200.07891257447943,338.43941381049103
0.005494031505269953,190.65415518134984,358.93264285832026,-347.46486025394813
0.03180959634647331,228.74789328403637,17.29419383948983,152.16177023124158
0.03225631259205409,-85.31620645463482,123.20567241099883,1928.9777399424588
0.07807398418225296,67.96430736142958,30.613546831677162,-375.34006242293094
0.03134440853714873,-228.1545619838028,-243.14704292768113,-13.987226528049973
0.037808314514625546,153.46957036670415,232.8985851710737,-135.36187913316917
0.013711007117779176,248.29851651516793,-443.06259121915895,653.5958025147053
0.19847895940823326,-381.28622921512556,335.2411357813857,-355.1424954944079
0.013747484715444971,35.59167352066001,44.74349784057162,332.8803663871497
0.008110621597482858,-252.18133372818693,-228.16128315055454,-237.14726643623885
0.021671349180666225,-193.63315970745145,81.29023629951433,57.513292724549956
0.13778262019774654,-473.6946794922023,-379.69805819423254,-122.68875037501641
0.045166964327671526,230.07971527992353,-315.39476423530255,-844.2816284961209
0.11456511865492519,20.08476380064012,154.09850283589103,-81.15136808009584
0.0005295510717981654,-58.22149582943314,153.19419667760997,-85.5280590670003
0.1300501899545167,-195.38633876871222,-370.96412953136075,-676.7471852716666
0.04554210816131436,301.4421239308397,-193.84755628851573,1542.085435112467
0.021032659391288146,-67.35970023245325,144.5679189244908,786.079645266047
0.0017899994676425883,127.97259059233149,-75.14501479181615,-592.991337431245
0.005728684647420451,-621.6594896618075,-735.2828965436966,2745.541678117454
0.004731961410096204,124.19905526487578,473.38169112031113,-1122.3689912978648
0.2690341159574597,68.49915001548085,191.03395378236428,-359.9264124069497
0.012334416672434973,193.14676824564447,427.17193835838816,1793.8220517075752
0.06890574283949412,-572.6498133482849,-204.17109798977347,-1502.8500765559106
0.01767281038331706,45.342953447623294,-171.5825850318646,52.683720510729586
0.014489668569259208,116.62291985324455,-38.22005362968019,1558.255957406938
0.032264362817963396,151.82536423900638,95.68700480613025,-611.1824816708813
0.0273198167443899,365.1635384532552,263.76514587523104,-579.5309143542295
0.011688450214416165,-160.43503701508317,529.9477268381227,1652.5961785935165
0.030461954233245336,158.5642971563396,165.22994491169152,-194.61859694111155
0.018784258119049622,257.017483028353,181.5092314847929,1396.5753352486108
0.050377201540384726,378.9206675280804,410.97144239714095,-758.4888432758457
0.018459858879253162,46.26500728010045,-224.6631926219758,-920.996369236359
0.08338010492080619,-127.8357178791307,48.650893502831686,-590.4965053747102
0.041792310359887716,65.67669312470119,-235.99046336420454,-38.93552791757986
0.03413826404380247,-255.77696913724765,353.62617813784993,-1755.4537249046944
0.016659984505649376,259.1652637907514,-58.02283592142453,-117.72761042003583
0.06046075886583899,-393.032242771909,-423.9956848387157,260.0639151615338
0.0019046910372761193,771.3480533953735,-93.26836024284279,-2180.6081282492432
0.08609741650191605,-61.917792145179455,-51.931384299844694,-1397.1284766887525
0.007773551323965265,-182.477958407259,-398.78733723409755,-506.64229343325485
0.057747119123877255,145.75967202205686,70.16648152284313,-34.99441061730579
0.18716294729451854,-43.52694813284869,42.30495221767494,571.1858916963738
0.009178285433604917,-304.2399792136668,-1.03890119582351,352.217768537246
0.06072104259573613,28.49719466644693,-180.38703852677716,-622.7854465505507
0.1090621038440248,-49.56936576465081,-107.63742836834905,134.67539842615815
0.028228991993062977,-398.505900424855,80.57311589942626,-333.17652639825957
0.07402368875930877,-202.82665234638654,-311.331591709859,-1137.0703723593335
0.025962661285144493,-202.7079353270891,244.24866542933876,-500.04427333503946
0.04303651875960325,47.340863583409,385.7762162470342,35.52669792737663
0.017458847705407038,-566.9504055814189,-559.5131357404276,-3167.0220929577554
0.01902038286977403,1344.2228322654119,-3765.9758150997895,-11488.22799520821
0.006461214239972189,-613.1597518929536,-181.41943222137326,4756.644696867579
0.03844357270706012,1323.6086036819634,53.733925567307594,3997.9283885214018
0.0723105904059524,406.3879264342719,-247.42014653563075,-1077.2801726726902
0.0077600834667643,-216.51960536055836,-232.54048403442894,881.0892675958228
0.08264512859191646,297.09123972465625,174.2550247624401,-268.9815680787502
0.020190719129149683,273.4382698175137,77.94670877782102,-1686.0555882745084
0.03528852631005387,86.81556442570957,-2.677629610238445,86.94189006962188
0.018681835821737294,36.78487319373025,-10.80582211572846,200.80948984558313
0.19149326080934512,267.30457162418,611.3160646394524,-1541.93103662603
0.014476518891710873,95.71259910599171,-128.2904410158849,-90.82982723453006
0.021913188146347188,-61.38465489344528,108.61176836428484,220.631312696269
0.024501823880139908,22.282592682975448,469.07923772322744,-969.8563258713007
0.018478592445076675,198.3179936880457,-312.8062338934792,-623.5346010737182
0.026446002621493592,-169.2427110796074,-148.17362494212705,-213.1766188425329
0.015069016713411276,336.1101960597063,-319.24505947957243,940.6700435774025
0.016404054251497074,-14.400241011832563,405.1515743344014,125.92281938624069
0.03290855830137672,129.75858449407545,115.8384372627861,-564.4427813760193
0.002910786074298239,395.66187856423795,-231.02213240160063,-400.4299564522696
0.019641319154273185,74.7689631201598,397.3635136545315,-353.5112783125972
0.01804323317244654,90.53980258341318,-522.2188328585648,-2217.9797439477657
0.0019927195523345887,-355.9300841770996,-94.71430728211199,-1026.725487063037
0.009192262096635213,-308.36264545446454,255.62733123648934,-4796.1774330404605
0.0007483742452035862,238.37370942500894,295.81439835788126,-629.7543124941999
0.018943647147208934,-5849.140708710187,-11294.219356556645,38202.1309538816
0.020500393270715265,-0.5801882464366628,-251.28804122566856,-283.0739075251852
0.10964379393973421,-340.974486939842,299.13913100632897,919.715124885871
0.013240886204224773,117.80667024267186,82.08359643148616,-660.403272321279
0.024381127306364384,351.30290433146826,110.37994308047533,-1306.5911336294926
0.035339975397549336,-163.76574468396038,-303.11457791339245,-787.9463621260782
0.09011853939996808,42.52549118686596,311.275723197979,-241.21016799764533
0.014716516033299846,37.11066976147895,-35.47727567218219,-296.7711146712549
0.006499222713853542,-78.38283718719538,-400.5159464668217,-220.39613943988718
0.06449835327913381,-101.26643624917857,166.4539181912658,323.0456273434568
0.005824069717209183,7.052246867646188,-220.705366353197,-387.1655457250014
0.04308921762422197,226.86625892654865,-324.96261964495784,-169.4604153198768
0.027715098385639347,-22.338931079900078,208.46201347552847,665.4412426869462
0.01296393394607369,338.8983392146863,-199.1450494876642,-1465.8531010748416
0.14961455892046213,599.4057939189577,-1999.7735974011568,-7755.696471831094
0.02655722144960296,-438.1112723428371,27.53763105922924,70.50740120257058
0.06674048893554914,400.1217674882472,251.6842677166399,-569.570683502279
0.05105002700835512,-57.539838132103114,79.14844673718659,661.306456886182
0.005575071895301782,-161.45607657877844,-288.18874527691764,-52.01617853298717
0.10704252291432038,136.26466541352283,501.5667349331743,1411.0820794047531
0.009131484165715149,59.137019651090824,-238.39907485812503,510.13606828299555
0.031476170791660624,128.59761483203772,342.7790630923297,723.200798458971
0.11986192587045476,-96.14470952494972,-92.62574482857156,-403.049594899149
0.0651811694803914,-105.08005311246745,49.33448039845565,-240.5549382308535
0.11117586020372087,235.34998674197453,249.23713398773128,-882.6598903178653
0.023642380032860812,-6.809053159750178,306.3108377295166,-318.4671688247411
0.04258163723603177,-33.845383293635756,-192.93537256565898,-954.9968847523501
0.01404652842155064,56.12795420183627,-349.2131804006594,-369.34422043323474
0.020942550258832657,440.13845647771996,-401.7633947966816,-1790.0648498783858
0.13578820827948504,-35.193902990239444,168.5222585455089,-202.73884647644923
0.06092331462714642,246.18152955746885,317.4760367667101,220.13300790267704
0.19256006649423613,-114.66468967961296,312.8750559595707,-346.39657314456036
0.0026472029493166643,507.30267238218244,328.1663346024558,-1231.1982891535886
0.02406602206926385,-110.7736452559217,324.3567336735746,-907.8983058050546
0.07408989311136709,-161.4082256338221,299.82942924467534,-698.4198213656346
0.07582382300620381,346.0177305566941,12.349009868067938,-2221.7159545271497
0.030718270457029562,-54.75817160453128,-251.01398648865,-263.233462530602
0.04426207511635459,324.50419351136145,-6.183516167913275,-754.815191439086
0.015620201770419022,-587.8127585773886,184.97054791574263,2963.393366987741
0.012934014267991258,618.5808872096704,-73.99575548408987,-2635.8946877303315
0.15412992093382896,138.36816389161314,-194.3695823127856,-739.2772561291168
0.31791066959217457,257.7671809423881,62.340769401749085,-398.67572614820415
0.008197771972276514,-408.0672345731726,-200.20880102595842,347.09756819330266
0.20382581449062592,-190.0979338946741,-84.06126765645512,-658.0475653051062
0.034646922199177706,-158.02228594254433,456.7873077650577,2294.4036676536375
0.020820551680713385,262.5312496668264,73.82267151066307,-131.10251773859818
0.10571986568734557,113.98551159478214,-395.3695631515145,916.9840452327973
0.02013381558537811,479.7726386620758,5.867144659252716,2810.4861542595722
0.09212016332680427,215.84664472768497,-258.4514197244696,-299.29255684334674
0.09797816212835053,230.7973348795649,-86.22749805010602,26.9648068523677
0.005975507017970026,996.7911028536571,-42.12072704163672,-3447.567479906361
0.042378851474362544,-368.8869839680192,-118.12775322825206,-412.9131447253323
0.007050402836977847,-233.05871966251,-72.34462888311373,933.958681690463
0.003245560552673372,407.13772320629477,-129.90331222139528,-635.3057366803296
0.06583491706808883,97.31923970016646,406.32864364055627,-371.99017890165493
0.003475298281441834,56.555635067086904,352.9857949641817,-480.1230245837708
0.0022271529733302667,192.03290250984412,902.1732235384056,3418.655656409176
0.05302618329350647,-249.40122339309568,300.9646977617096,-437.7756950125451
0.0700811578929429,127.98243573763199,-37.310057107663816,73.56660769932807
0.022600648128655646,-59.79603527929625,364.40552469314025,1193.1638935110743
0.0011389873426500478,257.6621093317341,119.22373200571649,-992.3954260619694
0.0009056148362558941,-1181.657597015947,-3696.996884747141,15866.347753096747
0.012481301761531094,-359.1857248025018,239.75356621290257,-145.30545912668356
0.0014000974067475008,463.0304212611562,-54.9126765184663,-1170.6510098829654
0.07845373853746485,-83.3835397650117,-310.6787809810622,-184.83242379273474
0.03328772956254194,-489.0012845521528,125.21396444656914,-1464.4633983732406
0.0036458834988825103,809.3355700258386,-822.9773926684784,4221.53207417084
0.007324638148055192,481.7807002868127,-262.9555712302865,913.0626523057972
0.12220645513173754,189.4796054516674,377.48825446790715,-466.19802611380385
0.09451133707435452,-303.530972882437,-259.29166749140495,-370.25258359818497
0.04314652478648145,-158.85882746629383,352.8886230323884,-385.85936886853
0.09436027009247283,-147.001042681422,288.63062199007936,-439.33391198480456
0.07981331862523769,-190.82598037376368,-286.8973497951705,-1407.4970481552139
0.07148738396080055,-200.30730419971758,701.0745588621382,4017.2635946544287
0.004519583769911411,359.6748837046297,-22.782864030456558,734.9316421226257
0.008645775602508975,-252.28325614901902,86.41878133394562,1638.5822194655493
0.11520910979259158,74.32413654853252,-446.38896874267,-701.4736412295508
0.037761782628281976,-296.0940079734836,-124.41348252028692,-568.7033845295996
0.152588755008804,-231.3962113455304,-155.5915138349606,-250.5640374969734
0.06524151519571275,-285.07651997658763,-23.849591446586206,465.607174802969
0.05776013396862074,-221.91283666949704,-127.68480911147874,2422.0786269397677
0.06440908062641817,355.048672040553,60.80829764126541,-494.4028465361909
0.004482701709084749,-76.10534651682599,-102.62252550458562,56.28927157328144
0.01696314505975904,-280.8477974576822,-103.0264984513311,-443.48183243397847
0.01766951934557958,-153.12450477132165,46.58174252294352,-118.75572480170865
0.11100189737823533,-185.73585128968745,-184.61294432560592,-252.4859073061308
0.029156140303246293,-186.1915152677132,17.358834115873407,1218.768389831309
0.014193712584048201,421.4683928595259,-247.67174799265595,-236.65573921672143
0.022246559395841737,-69.04451380738116,309.08284592384786,-351.4668087815646
0.06383979439937794,110.92107358305309,238.8626088742871,-176.4082595937329
0.04316803694670565,53.31296049335999,-179.67531261102454,860.5664064173085
0.004594716370067146,-56.8682973634668,144.108762410194,-685.594492812296
0.024314589662054506,31.800716015587355,-418.9920987978759,-1141.3277179908177
0.09323257192663485,-318.7463931156291,-149.36137679828937,-108.72536291181439
0.13539280363702424,354.28019291728697,-322.57452532025366,-740.0913038302277
0.006209578656787512,219.09768611794675,43.343027441222546,1031.6262838999037
0.05932605824057948,-162.75456272378688,86.88981955286306,259.27801430044485
0.054762472393864135,-131.3194011992171,-26.2329901419874,-206.6271817754057
0.010594550336268252,455.0949055678185,-403.28502241304193,-911.6399695564028
0.04525851242443184,55.740878378819396,-96.4860866166465,-723.9588972951183
0.07155132722392125,22.150438010105972,130.44233308962282,-84.46884193713538
0.03441486642377004,123.96101464804264,26.027982335129014,-583.5999418051059
0.050516007460309174,-211.62968844774582,-136.43842347884487,-259.01642131884273
0.020231266293279326,42.27470539687238,-230.1062859535192,-442.38544847194606
0.05006723096326906,-627.7925237946957,152.51247156423358,-2177.093696832487
0.016089851414206664,98.57143532542881,171.63400605287387,-245.0228939829837
0.01667502921894859,323.1614603564052,274.4605821011861,751.7469213871902
0.04177568984481695,366.8488785869204,-65.5726870311633,-80.53381386385047
0.03127202543545656,-356.8994880029611,-157.30386414323127,142.39321249405884
0.006882348680699158,35.428324422358386,22.111870651093586,1972.2440983192346
0.003738942794759205,138.298874120797,-427.46391869345223,1486.400003514998
0.07067082580177102,-26.53984865611998,-339.65967411987435,-428.3593807985016
0.13555854945654885,196.09539800083456,-419.5023754066532,-1647.0642566299948
0.03524698297811981,232.4872051818671,-423.05316790795075,-4636.199180029958
0.05833459803352782,169.4075421238736,30.816104492984195,-808.3572243427067
0.022550230502910572,347.2373200630815,61.28110226844474,412.53548887558213
0.0011948246373014414,-280.6518519086569,403.40587428842247,1612.0361063801056
0.07049002463449558,-88.33801966560095,76.89588242017476,-205.6928858671559
0.2496885929088118,-104.91128409085695,-177.99295377111014,-299.1249168908875
0.012739523898743645,-288.0498950603601,-70.59107841656707,992.9531731680879
0.03500729017994191,264.9036668105904,181.7611755238059,163.51447678670945
0.024784460235682277,-411.2728479204985,286.94247056351725,-1177.8931639216758
0.02061355440132966,-370.44991273843027,-177.43733444386697,-341.48396041105923
0.28639993560607796,-282.01443777090776,-467.5874134426948,-809.9434559399369
0.10847586894575821,-63.80375960530387,1.8079464345915568,1601.3159245359393
0.007837006789084732,-436.13975740664995,388.46587391681794,1401.5586906257256
0.008455337102600286,33.34659914315725,-334.8468049650106,-329.63968313169926
0.08727065747276551,-105.78543767401622,-252.30948523782183,-158.27008544106207
0.07241783780224068,163.5147469334545,-318.9512739712476,0.06750494445429922
0.012687692386140077,-176.97394761089248,-94.43614980309357,-30.590005246833584
0.0634714271661657,372.89599362599245,-157.92751314294736,630.5372660826487
0.015702817845307103,259.28177132788085,90.42056883147877,-1376.3842402119299
0.003477460857558349,-210.31010505573653,-22.068309359190543,-1333.3333431852852
0.0037581153056640716,-246.56853534566872,-192.44900894490758,67.21873902828781
0.01079888952431734,-162.71512900256198,-174.01546994230245,-237.88070271193607
0.024279662602274536,-89.01242235477984,-73.74370033478647,205.63867347639763
0.004025082219026781,-290.71286151160155,-299.57357604998157,2169.2728128941326
0.08902032394054835,250.2062566524779,105.81982448500727,-515.4651920014403
0.04588887359210922,-324.6559908898668,-123.87644443647923,-92.36040238773842
0.015719075292855635,-41.01304861565809,-12.67623041080612,396.1180691196048
0.05301368342705181,299.5483860173973,-130.0611734860591,27.741138365559095
0.006801704748073151,-585.0672436914246,-988.0226770957252,-13920.118860254079
0.05234210938354726,213.04398983972283,-102.1680653339832,-309.15641447774306
0.03129879486009667,-250.35029186948765,-182.53870719580394,-335.1759225009608
0.018568338160596623,-37.081926304049716,262.0705944639235,698.2827530378564
0.06006222426919645,-12.591361339691943,-216.2121004056913,-316.81782354552143
0.08185672329793439,118.92176996959448,-3.2844292116840847,299.1436735622948
0.017224206185190816,-182.89293312017372,-295.12392327429677,-577.7762979667325
3.0061054525148365,-265.4522217204043,-273.960079685739,-1387.5770566860358
0.1070306715360536,278.3176866921537,-325.975385527697,-565.1731984271155
0.23111504274709216,53.07608318070663,-425.7584348080097,-561.5202153472846
0.05161988244515415,-27.905055285191835,388.0881798159256,-85.02775653806145
0.002696168464031625,102.31572701250093,335.2454334782011,464.38618394156924
0.08076656752960767,192.83832226432034,178.21797072177338,-903.7342516138629
0.01631940394740507,-97.16538534560254,-44.452111524857955,-471.41444875358803
0.10364466071742233,395.73058193545324,225.8834293049528,-199.21153708235323
0.11187940951781544,-207.02172265906427,-422.5486595059719,-104.12497598239838
0.013626788964704938,-152.12972691061313,-303.80877566449567,3874.6983389810584
0.0015253070141994286,-142.97532703530533,276.83354697947266,22.54580940550329
0.010573857854061449,-8.794734382044766,38.10192206293773,190.49326054834614
0.024004065214557547,-90.74766480281343,199.65102981075944,71.93602699037115
0.017682238751692742,-297.08510305294,359.94385814026094,112.11124745599341
0.35151819143126634,-380.516173760173,-185.92802667130064,-293.5999836927873
0.0021548779675659075,-269.69005971352925,273.51341058080214,180.1138312623345
0.02841985947644465,425.23676545049886,-126.87632971999138,-415.5675189514611
0.006494603961552618,131.52810008816152,-394.84273304836506,622.6212057293454
0.048079054892508126,41.825504604628165,10.29267037225091,303.1322541648325
0.001916301955496918,190.55390259972398,-196.56774699521998,-346.5051443596946
0.025580216315658825,98.15067278275455,121.03416869619765,-146.7565698322652
0.04201592282443901,173.62862449020952,37.33805518075329,1159.824889699594
0.055085483877699515,388.1214255766189,-25.725801788466832,286.41222821874624
0.037311756694257264,-191.19415776613425,18.967128004113874,-14.289289628226697
0.001444093098697098,7.741612565715798,216.87268519303612,239.81632305694268
2.8127933219380243,-131.23519936525406,80.00578760935568,-1390.108496761126
0.0014978138289090397,464.9200048588302,305.41733782409335,757.877124020962
0.01208453054135747,234.42853532067875,178.13101969001627,-87.47707508677456
0.15806252858303074,-255.96049424013253,8.827056995505675,-402.48594632908276
0.08278795013963251,314.8713240352647,84.83591027477073,-720.7484426156991
0.0004446906288506377,131.53629763245974,-290.65908427046014,17.902736800180946
0.001367673585279257,-160.96814668199767,429.1734832314097,-2334.3409195946406
0.05589117404246782,-277.7408716044048,-22.513075756484312,-45.61382727131581
0.05782302775229156,-5641.572610064053,-2972.3184984309496,37025.665722113175
0.012489519379985681,456.36239835441245,-196.6169180014739,-797.1866138612788
0.1292023279217601,-306.7909132478394,71.80287625728371,616.6024519294116
0.03642503288876083,18.42871114430531,162.65084980803746,274.2321355162997
0.009035695746528797,294.894989376927,221.26522129873408,818.619626079454
0.009971962067850126,71.50414933357561,-228.11674786909728,243.96431606194244
0.08244351351101203,-278.2988190806277,312.7367001371806,1404.8726582378367
0.00953729401904753,-45.87264300572982,358.1580205049798,-114.40082159826062
0.006029502508637756,105.66552633741945,164.89087156080987,414.43994385765984
0.0033797469261375532,829.8628518336194,309.7493751750037,-3088.542661057234
0.06823977608349996,-90.98822050868766,-372.2366176820613,-197.6667388674843
0.024619220017614338,412.0468067809252,-357.01656068470834,-1332.597007143885
0.051669027464065105,-220.80930606578326,-197.95352796330147,-133.4490609758426
0.163398890049188,-44.26497803301888,135.60888902938353,-835.9593208687913
0.023481300259311205,13.551438648715427,349.43021800931535,-508.8808341583083
0.049687217423540764,-338.5485526978099,213.76665026424112,-1216.850542405488
0.009774559716761638,-422.6991057338337,384.8950316014547,1496.64871301105
0.018047112432284455,11.039395788386969,345.06264488706387,102.3798613491183
0.010842956587525293,-359.2218618768108,-324.4194519668719,-904.17835097785
0.001239257706644268,-62.82353975370168,-388.66414670739937,-35.74506893146224
0.12627645282586633,45.62651071335312,313.72895985663473,-517.2010432326477
0.005998163529499745,-72.38298207969292,-188.23519180780585,-268.6914199744671
0.011354630721104349,104.77011209037292,-143.51449202470332,-2837.3858743002593
0.0034935845947387176,449.3409119288843,-137.15264237265166,-1300.4038156775086
0.010546616625997436,-93.40705812791052,-221.02996914688913,-486.4397348345744
0.04953490781429207,-46.74586321196446,132.46216459517456,-719.9172678283214
0.009567057412849042,105.35968579121271,-272.0271630817856,289.88094409290045
0.009931822300483235,275.55926708286364,744.825558391825,-3657.828594608358
0.013828862564278371,-2.5967908405233686,-90.47868748451567,-199.57177895186828
0.0999077001569666,308.24671384905594,-552.4042549531016,-1303.546267153371
0.017241896267771322,75.03685609203866,-224.10089652900683,380.6982273310541
0.0049953307050306,191.17105561727558,39.368554883890354,-1123.0107039814156
0.001556642372959556,203.10665513125215,-73.28096441374788,-580.5006692055915
0.058981940435037856,-355.5042718735948,257.7365017646522,-508.49435323282233
0.0039293270134268254,-13.113559398312738,326.4872343324017,2054.2445251671697
0.044172799706399465,737.4950512250132,477.3713445021709,-6288.0195385254565
0.022664754106229906,-1465.5075679871402,-554.2496647106277,-24352.59990966635
0.005603408567020163,-66.54398309511629,25.391544890910726,316.71237173577913
0.003552008472792181,250.09077857882673,5.666285151781393,-528.8806012250247
0.023839889362096578,-384.47060740045396,-84.04315083699477,-602.9059320367834
0.0043807348129571225,170.21818120593827,-48.99594790514921,501.0097566661618
0.005656931056241013,464.9725643723611,123.98967226418388,-1947.0360572418115
0.0834852138919686,-79.86062835044058,215.49410506977537,-96.28160569366344
0.04769955997947071,-77.11112163491552,-313.0711458298966,-186.6412545634542
0.061113589648531544,-210.71703643857865,81.74284832175988,-1164.7178721252794
0.006047373680282428,248.838037751377,-50.575261423808925,-368.51118737504686
0.0032383678181846006,-67.29856423377717,-152.36582949377743,906.0809618296194
0.03249895581041928,-269.0610275906646,-155.50634181547673,-23.61901426023394
0.006890734079526985,132.0083935936386,216.66448955191123,-163.15504467064363
0.07142800281024626,-344.37746955546834,1746.9754524191649,-5924.745603113701
0.02214572792094318,267.8268091710213,-82.57571915119387,-612.5612579008882
0.0032203194025534915,359.8819006197256,149.83298605128866,-937.9781430679212
0.031596064283556734,-203.15348478104593,-284.54399941188456,-41.02699525209573
0.032321039694928985,383.12728457220055,-236.80664327364485,129.09864982744023
0.04634489382270639,-55.76989628586743,-199.90902957463834,-51.83275127319291
0.03303544429637532,22.879342373935117,82.52070989322841,-230.6632662094661
0.022967406092223964,-305.5471558237583,-178.15918341395687,-431.16389055483705
0.05884734258337527,177.1323123734965,69.73330960160304,-287.8024569070296
0.04518809144537137,-364.578607023506,-246.46138054644348,-516.8717202994853
0.009170860373418155,-41.966409699911864,175.6757113093398,282.12953217618804
0.09333566590183726,-249.40777912371897,-298.08152726243827,-409.2946653277933
0.20602420092667093,-120.60823229934962,-160.39985892607035,-148.96922831746883
0.06955589474428396,36.891706397640654,653.7378661022763,-2589.0326231745757
0.05632154987166278,14.788951035174655,-175.56176294913973,-68.31358145552895
0.02264840834128604,124.2557811299483,-196.12856865960492,-395.3140775097375
0.18554305275532723,351.2021870175422,-56.67134612855352,109.37599301528826
0.041377691606705874,130.94323471693588,-46.95942021466246,-1447.0185954295753
0.06980860532770465,-304.3901182174201,-54.9444148765675,107.03764845532419
0.006588573750046031,-339.3111159964666,114.92905386701344,-310.0345028082641
0.01754827844858004,-106.1157181236895,114.79265581974552,-26.21910800649266
0.061802406223889016,-515.1428355187685,484.76178209938007,-4166.891120043729
0.0032966547813140083,-204.60739890397014,-381.52945078061254,660.6534243163081
0.02062384880629733,-136.7250040031675,-51.86952848545823,447.66871385168304
0.030284180343158464,344.90384269410026,368.05324948508587,-2173.9013558584456
0.07740660154598797,-264.27462554639,-8.56592648883079,606.025763957936
0.02697757031077185,-84.7399743772776,297.0029957615876,221.16770487394973
0.04452013241018398,83.11823237269232,123.88753258506459,-596.429488441549
0.08484488547120309,-463.3294759581686,-166.0074054333699,-1141.8457368741526
0.02959354015391435,-115.18172529732307,281.5925968563266,-1.2227086293487446
0.029136410671704208,431.21192623385275,232.05794134360596,93.93914700880009
0.0036175160554191513,228.8089092585598,206.9892534365929,936.033449351221
0.020473436392664905,-30.403790897584344,196.0287874201591,-40.854847453734465
0.009048579613733693,-24.52376940283553,241.61169679913604,-680.643359511296
0.06895228868943781,301.4598481744625,-423.2373146671422,-931.754373996801
0.06307509624354159,-39.73095331994855,392.73772381298886,1974.6374772568138
0.03909188452185293,-346.77210678962774,24.24384574417165,1108.6046569329064
0.012350059579683286,79.13951662860313,120.47008347207077,114.03075283338649
0.04664943523623824,-307.77361888113774,-310.8083576301751,-543.9869546073273
0.010663359445134442,70.37579495102455,333.66944786969475,-172.68587313610703
0.009406002332804742,-103.45217362940011,23.13884803020383,80.25490503667004
0.07694765446257118,27.08826773669514,-278.31004902921893,1090.9018540763568
0.020291710581369183,485.5537505669075,-161.66811163951093,3588.997035789842
0.027639675425361866,-485.0003566235795,-76.53411971169004,123.4082458776727
0.07225210227455124,-47.4402533448849,-326.38056466051756,-644.0727703976462
0.014727553149871741,202.24767717988027,205.38325934838952,-672.8212427829544
0.02852010662025292,-182.22329013257712,127.23843633013115,634.000303433743
0.10430129578289825,-337.78096143911307,80.59458365249705,-824.9470831749411
0.005597956925874271,-376.0295826237408,20.28692233812299,-247.64424025425336
0.07080055188793413,-526.8603877684243,-926.4311091562998,-3250.5432140238117
0.02004752538008077,185.98268209089747,89.7529173552029,392.1496767380885
0.015972958398775165,31.091811876898586,91.9109921136232,1375.553627676929
0.05743909394967552,96.47004911992525,-304.42547016985725,-484.63417314925687
0.016754049328902888,171.12689822048821,-369.3849826518791,-915.5994521025947
0.010695962104121562,27.657222651146732,-218.87106445580417,-763.1200376786917
0.003958749445702388,155.53559868370579,1.466911045612413,1034.262189977097
0.03605711538988926,-339.06610858456463,339.5495635980847,-934.0561740160445
0.027851788943411636,-182.1127865773422,157.89420248066023,-1.3144466130715955
0.027731189362515393,346.5144447922271,-262.2634201999904,-1170.1327576557746
0.031124754924946735,12.713004494930754,-13.4336600894257,344.56580011471965
0.006618287759347739,1.0418598350562496,24.573366537632147,-1366.3124810428035
0.0028076050481187303,267.42866475895437,-379.96125073500764,325.06645634263884
0.015011805774332225,64.05687532791472,-584.2374603377006,2154.7006338753777
0.056271220898120686,-407.3468170404119,-245.77794347758487,-525.5523584612649
0.0760120636881627,-350.6669210015414,-135.0074438822014,45.2823440653699
0.03724397531789949,-267.94624508909516,-270.9359911357836,-787.172998926721
0.06102736451647811,-50.54961944193947,358.32713516374076,933.7601942767548
0.0016392819447981336,419.3292699238598,333.9141613922083,-1104.2983829224258
0.06564074865589474,293.5882685681601,-61.47460691364759,-399.0796886392579
0.00788553620830885,-236.13470875943185,4.900139695403908,-527.8467788582258
0.0384799876034119,-64.13568446082566,39.59323388839286,-35.60975078578883
0.057775280187761756,-16.067543587077296,-362.0182636597932,-51.727900790586204
0.027704026078849735,-556.9177372330502,-207.30630967688145,-1552.6329298754106
0.008368346251662249,397.39265269145625,167.4010274178768,-773.7011317067011
0.09200865188341843,-227.45817788916264,-14.567345100938105,5.340351330698468
0.02439258926075971,175.43679414574154,201.98612784275346,258.4737756402378
0.03961978769793611,-192.35985177121466,335.92012438977974,-517.0901736695168
0.09050993168358468,12.589707406665442,9.266918405445907,-570.4788021574266
0.12101936917995888,229.2833613334542,74.88503518787074,-211.5720033507704
0.046660452452057063,60.63034826393469,136.08559781093214,-267.47283319196987
0.015495736151228888,-459.04109945141454,-483.3669940819591,-1447.480078047402
0.026298109336618164,798.8069622089447,-476.76037868288284,-3277.2759292034348
0.0950348347631867,598.0350872558818,471.9515250304486,5045.808305871451
0.03806712749245481,-110.00113524761235,-121.21019631477162,-37.69849654602854
0.07501756402364536,34.84001973998764,-214.27464871360485,-347.7193520389974
0.04293411084049091,-118.0325506802793,170.29019556874493,-318.67871337303444
0.06102102423783408,49.19191163821573,387.5469187218697,-427.5019340672854
0.024447440170916233,170.58533939372978,-280.03029291601246,-386.92726169703525
0.1065539559333264,-176.40968416351038,276.1962357800071,-392.402350980531
0.022569061351443376,617.8445069724452,-181.99985326174615,-2082.702389926422
0.008864240019626591,240.24954511683785,317.4040286749108,248.40561483576744
0.01580508014951128,163.43297758779067,28.848525997790205,-201.37375817710597
0.019372041981191215,169.64153783989667,51.41859415564183,762.4300875200703
0.03938994826903693,-227.3448430328744,56.197146226284275,-792.7757815145425
0.020972308595008298,-229.81519601525343,255.71215493262096,806.7669806776796
0.008525131865022692,-156.40004480560623,136.89610096854642,-597.2386180179255
0.010647177038432,-192.08718940362797,33.78601088699355,27.75335036847116
0.02047939246906287,-77.80558021664119,-165.35186903617188,752.7579418079699
0.0909251316109926,134.70922630548085,156.9726612607545,-633.416104850381
0.028175938456040363,-109.64177040217785,-82.25738581800059,-568.5390909213627
0.021249854014263235,130.7165186772492,7.516014441398227,598.1708146771699
0.00957886030665182,-309.1382522453314,-93.98550065527397,662.7994188935717
0.005168726423632146,318.2092777525961,23.090012421246577,543.1486243352782
0.04044726105100211,-120.32984831491716,427.7289545650748,2071.6366110827976
0.0018499045038619308,8.482888723769506,-184.97905972120947,-50.01842336137565
0.009403852599378692,-212.21593359220583,-3.271702435542039,-145.32073358092293
0.014822558041547074,-425.801133849396,-47.896345874020206,-1193.7353681050968
0.018491500103413584,-111.46982960167017,246.3531293037292,427.03612120908974
0.10884584859337669,-167.32851595187162,-476.14366532725006,83.97883812634541
0.041526268593216155,-128.6771002551411,-481.8697213802,-580.6392921614384
0.08131910283100335,239.51860184189195,163.44564549212134,469.05893420341386
0.008146987588892545,331.5102027160847,82.96876937423698,-500.07541351021445
0.021064712676460033,273.74024912713605,-239.40223365712117,-324.64484717475483
0.005977079680607362,336.8530653929398,-30.878791010792554,-363.4588998074191
0.027636703125181048,-61.11315881038911,-327.58855741268815,391.418313355543
0.11680729240975476,-187.99294733835143,-259.28156165132725,-210.56816931162456
0.014532296390968874,437.4812855887095,200.44530154741983,-230.84533199926187
0.022831322895711475,221.66137897880105,73.01220874629018,-206.66930164574035
0.02202645462963157,-627.6868464987456,-668.0248315907747,2154.9015494981454
0.10214161983140868,106.43349263430243,-157.08931997595502,-148.93437110752905
0.008034941867158201,64.13218918344018,358.84089493562226,242.64475065643694
0.012313443244061069,8.344822649025655,257.42681330451046,577.7030084643967
0.034044718794772014,348.0481475674091,-102.36135878337089,-93.96911417681508
0.01046431382790363,110.53859904134622,-55.28851407774833,20.03366674881306
0.13455740051034007,229.42871660670215,278.6713107329383,-544.5067043377414
0.0023487788368779555,242.1509840295441,123.44919074873235,227.3360064323009
0.04194836110208096,107.86416469473576,470.87372739342766,-1141.1086273391618
0.02883882049950568,213.45654134819802,89.03158192814219,-763.7102177580327
0.02796062962572008,-480.6891030279519,41.022371772931706,-1144.782584881973
0.08600366272619002,0.6405370777317998,-202.71439044929298,-708.6433354520067
0.028208292765015984,-12.724521686275839,-165.9497121381071,-158.41304491292385
0.004593955318186758,-86.12502286584287,-173.51779925323171,444.6533094532434
0.09312904715002614,-89.94990905335112,-212.88653415674645,104.38847837237779
0.12612123922388718,-249.0954445925043,253.719952075829,-486.2098813226497
0.025144770683424064,-113.48158041577294,-12.38504271035843,-317.4118279087846
0.04891270692348787,-292.5494986520657,579.2852457705516,-1394.0597203845714
0.10170756974435101,136.0967196396458,41.8132875827836,296.1175507717837
0.02198202368817301,-118.87932948081945,-333.406031359694,1322.3380714944988
0.04195968279229119,280.01373904229655,-113.78545809146823,-410.24700231018744
0.003495443802851453,295.84914607297424,245.2168755663914,-257.93758496603937
0.04750924729018641,163.6057334291749,233.156264211961,-403.75468498121484
0.10159287845327526,-193.87615373779892,402.78253727618136,-1754.1793197146067
0.05798590885095307,-5.772537039402778,-66.54446751053678,-484.5896680014158
0.07431339434015304,-73.55250549128334,-404.06052542842275,-838.2493863276849
0.055313191453551847,-296.62619564875786,-103.71178553171907,-177.39971232909312
0.04268510980511769,252.54345935464505,49.07073093248932,-154.29292660319106
0.02160561883655728,103.43251587621998,-144.5419563303794,-754.1808163042667
0.0020671641193933336,283.6037522944599,485.51207344133127,4148.415417232471
0.0059098561293246,1817.5316057221999,185.47934143888443,-5039.619253669813
0.008733658560393457,-403.57884289992796,-386.31274700204324,-455.73854906791365
0.015059192747946806,-51.02013570286512,262.6684550947118,128.7757651009358
0.0271651485899493,-222.06496322298614,119.5459615138209,361.99108264715903
0.006852762443081753,-140.61177820789914,144.79726371711453,-299.1217060539192
0.014250157777999034,-25.749977506378695,71.23198316858752,-138.0779228951676
0.018230468262169716,212.32104810894435,174.6759830832854,752.3818171683043
0.05354713382285767,-63.335330382185234,264.15101363541106,608.0218883178713
0.3059992134958008,254.97479454789573,-107.03401005598538,662.846840730937
0.12089950811844329,324.16829627657626,-46.910736871654606,-444.8733538287076
0.20409381215968694,-446.15146197399275,159.97309472459455,1512.78648637682
0.007976099371246605,86.3824097659374,139.7962995691806,251.79191223224927
0.13409283665851904,-224.07884756481664,266.980160587464,-935.861997785407
0.05702923537328438,-10.85837896735346,374.98506842757376,458.94788034016824
0.011421832546008065,-94.78328056265224,-188.22572145098212,-972.1046937702847
0.05525054385576535,131.584300264137,264.9559260745555,237.43513094291126
0.02009224226523853,299.2538225556392,-463.758923930006,-1047.757678835877
0.056287112780671215,-95.05438056126764,160.24786717581617,-435.5139219444249
0.011714664373335354,457.6056542297087,-321.7104131994728,-1093.2444964448146
